﻿{"cameraMode":{"drawMode":0,"name":"Shaded","section":"Shading Mode"},"sceneLighting":true,"audioPlay":false,"sceneViewState":{"showFog":true,"showMaterialUpdate":true,"showSkybox":true,"showFlares":true,"showImageEffects":true,"showParticleSystems":true},"in2DMode":false,"pivot":{"x":548.3818359375,"y":459.8435363769531,"z":3.7902092933654787},"rotation":{"x":0.004198264796286821,"y":-0.02309517376124859,"z":-0.00009682342351879925,"w":-0.9997245073318481},"size":509.1246337890625,"orthographic":false}