﻿{"cameraMode":{"drawMode":0,"name":"Shaded","section":"Shading Mode"},"sceneLighting":false,"audioPlay":false,"sceneViewState":{"showFog":true,"showMaterialUpdate":true,"showSkybox":false,"showFlares":true,"showImageEffects":true,"showParticleSystems":true},"in2DMode":false,"pivot":{"x":-0.3500000238418579,"y":1.0,"z":-0.029999971389770509},"rotation":{"x":-0.4168694019317627,"y":-0.05366650968790054,"z":0.024664806202054025,"w":-0.9070454835891724},"size":5.7157673835754398,"orthographic":false}